{"platform": {"All_Weights": {"Bias_Weight": 584.7323949431927, "Categorical_Variables": {}, "Numerical_Variables": {"bpf_block_irq": {"mean": 553.1481481481482, "variance": 238273.79286694102, "weight": 2.0143509209732993}, "bpf_net_rx_irq": {"mean": 181768656.32407406, "variance": 1443649819856265.8, "weight": 11.603306523144592}, "bpf_net_tx_irq": {"mean": 9846.203703703704, "variance": 31698446.51406036, "weight": 126.24800185263051}, "cache_miss": {"mean": 0.0, "variance": 0.0, "weight": 0.0}, "cpu_cycles": {"mean": 499571024098991.44, "variance": 2.8518515774798466e+28, "weight": 39.2386162106601}, "cpu_instructions": {"mean": 0.0, "variance": 0.0, "weight": 0.0}}}}}