{"platform": {"All_Weights": {"Bias_Weight": 561.1568829639385, "Categorical_Variables": {}, "Numerical_Variables": {"bpf_block_irq": {"mean": 191.35922330097088, "variance": 15848.434065416151, "weight": 89.77816135157565}, "bpf_net_rx_irq": {"mean": 33873614.466019414, "variance": 351442208849199.3, "weight": 191.023130098667}, "bpf_net_tx_irq": {"mean": 4102.199029126214, "variance": 11315262.091455366, "weight": -57.82757371013154}, "cache_miss": {"mean": 0.0, "variance": 0.0, "weight": 0.0}, "cpu_cycles": {"mean": 79593154789567.28, "variance": 6.49327322781566e+27, "weight": -37.16110537197618}, "cpu_instructions": {"mean": 0.0, "variance": 0.0, "weight": 0.0}}}}}