{"package": {"model_file": "package.pkl", "features": ["bpf_block_irq", "bpf_net_rx_irq", "bpf_net_tx_irq"], "fe_files": ["scaler.pkl"]}, "core": {"model_file": "core.pkl", "features": ["bpf_block_irq", "bpf_net_rx_irq", "bpf_net_tx_irq"], "fe_files": ["scaler.pkl"]}, "uncore": {"model_file": "uncore.pkl", "features": ["bpf_block_irq", "bpf_net_rx_irq", "bpf_net_tx_irq"], "fe_files": ["scaler.pkl"]}, "dram": {"model_file": "dram.pkl", "features": ["bpf_block_irq", "bpf_net_rx_irq", "bpf_net_tx_irq"], "fe_files": ["scaler.pkl"]}}