{"package": {"All_Weights": {"Bias_Weight": 55.087702999362065, "Categorical_Variables": {}, "Numerical_Variables": {"bpf_block_irq": {"mean": 417387.3287671233, "variance": 699103688.0015013, "weight": 14.338983522059966}, "bpf_net_rx_irq": {"mean": 1952789.7123287672, "variance": 3982500005.7939577, "weight": -46.29446225589867}, "bpf_net_tx_irq": {"mean": 5289.671232876713, "variance": 111309.9741039595, "weight": 28.57262919785272}}}}, "core": {"All_Weights": {"Bias_Weight": 0.0, "Categorical_Variables": {}, "Numerical_Variables": {"bpf_block_irq": {"mean": 417387.3287671233, "variance": 699103688.0015013, "weight": 0.0}, "bpf_net_rx_irq": {"mean": 1952789.7123287672, "variance": 3982500005.7939577, "weight": 0.0}, "bpf_net_tx_irq": {"mean": 5289.671232876713, "variance": 111309.9741039595, "weight": 0.0}}}}, "uncore": {"All_Weights": {"Bias_Weight": 0.0, "Categorical_Variables": {}, "Numerical_Variables": {"bpf_block_irq": {"mean": 417387.3287671233, "variance": 699103688.0015013, "weight": 0.0}, "bpf_net_rx_irq": {"mean": 1952789.7123287672, "variance": 3982500005.7939577, "weight": 0.0}, "bpf_net_tx_irq": {"mean": 5289.671232876713, "variance": 111309.9741039595, "weight": 0.0}}}}, "dram": {"All_Weights": {"Bias_Weight": 0.8677638061146767, "Categorical_Variables": {}, "Numerical_Variables": {"bpf_block_irq": {"mean": 417387.3287671233, "variance": 699103688.0015013, "weight": 0.36811311041438777}, "bpf_net_rx_irq": {"mean": 1952789.7123287672, "variance": 3982500005.7939577, "weight": -0.9745563140049209}, "bpf_net_tx_irq": {"mean": 5289.671232876713, "variance": 111309.9741039595, "weight": 0.3314920901018894}}}}}