{"platform": {"All_Weights": {"Bias_Weight": 499.6717968902334, "Categorical_Variables": {}, "Numerical_Variables": {"bpf_block_irq": {"mean": 19.147435897435898, "variance": 9053.029544707428, "weight": 98.06167030624903}, "bpf_net_rx_irq": {"mean": 6291991.949679487, "variance": 87573602839341.98, "weight": -30.284393097045747}, "bpf_net_tx_irq": {"mean": 340.83012820512823, "variance": 2100250.1281948555, "weight": -129.10941770830416}, "cache_miss": {"mean": 0.0, "variance": 0.0, "weight": 0.0}, "cpu_cycles": {"mean": 17292843141888.162, "variance": 2.6043449669931565e+27, "weight": -23.31118841178579}, "cpu_instructions": {"mean": 0.0, "variance": 0.0, "weight": 0.0}}}}}