{"package": {"All_Weights": {"Bias_Weight": 13460769971.984339, "Categorical_Variables": {}, "Numerical_Variables": {"kubelet_cpu_usage": {"mean": 2733468.2465753425, "variance": 30794.761118408715, "weight": 6768894172873.292}, "kubelet_memory_bytes": {"mean": 8001699840.0, "variance": 1.0026199257290444e+16, "weight": -149853742201.7954}}}}, "core": {"All_Weights": {"Bias_Weight": 0.0, "Categorical_Variables": {}, "Numerical_Variables": {"kubelet_cpu_usage": {"mean": 2733468.2465753425, "variance": 30794.761118408715, "weight": 0.0}, "kubelet_memory_bytes": {"mean": 8001699840.0, "variance": 1.0026199257290444e+16, "weight": 0.0}}}}, "uncore": {"All_Weights": {"Bias_Weight": 0.0, "Categorical_Variables": {}, "Numerical_Variables": {"kubelet_cpu_usage": {"mean": 2733468.2465753425, "variance": 30794.761118408715, "weight": 0.0}, "kubelet_memory_bytes": {"mean": 8001699840.0, "variance": 1.0026199257290444e+16, "weight": 0.0}}}}, "dram": {"All_Weights": {"Bias_Weight": -24500332336.68313, "Categorical_Variables": {}, "Numerical_Variables": {"kubelet_cpu_usage": {"mean": 2733468.2465753425, "variance": 30794.761118408715, "weight": -1440660145481.126}, "kubelet_memory_bytes": {"mean": 8001699840.0, "variance": 1.0026199257290444e+16, "weight": -562118902258.6508}}}}}