{"package": {"All_Weights": {"Bias_Weight": 18.827578795948092, "Categorical_Variables": {}, "Numerical_Variables": {"bpf_cpu_time_us": {"mean": 137650220.50684932, "variance": 64906989337960.34, "weight": -0.6495991651518426}}}}, "core": {"All_Weights": {"Bias_Weight": 0.0, "Categorical_Variables": {}, "Numerical_Variables": {"bpf_cpu_time_us": {"mean": 137650220.50684932, "variance": 64906989337960.34, "weight": 0.0}}}}, "uncore": {"All_Weights": {"Bias_Weight": 0.0, "Categorical_Variables": {}, "Numerical_Variables": {"bpf_cpu_time_us": {"mean": 137650220.50684932, "variance": 64906989337960.34, "weight": 0.0}}}}, "dram": {"All_Weights": {"Bias_Weight": 0.23114885602610624, "Categorical_Variables": {}, "Numerical_Variables": {"bpf_cpu_time_us": {"mean": 137650220.50684932, "variance": 64906989337960.34, "weight": -0.00882037413799309}}}}}