{"package": {"All_Weights": {"Bias_Weight": 2550188432.074912, "Categorical_Variables": {}, "Numerical_Variables": {"bpf_block_irq": {"mean": 417387.3287671233, "variance": 699103688.0015013, "weight": 3487553.3812751984}, "bpf_net_rx_irq": {"mean": 1952789.7123287672, "variance": 3982500005.7939577, "weight": 85230277.1326685}, "bpf_net_tx_irq": {"mean": 5289.671232876713, "variance": 111309.9741039595, "weight": -7219641.904281698}}}}, "core": {"All_Weights": {"Bias_Weight": 0.0, "Categorical_Variables": {}, "Numerical_Variables": {"bpf_block_irq": {"mean": 417387.3287671233, "variance": 699103688.0015013, "weight": 0.0}, "bpf_net_rx_irq": {"mean": 1952789.7123287672, "variance": 3982500005.7939577, "weight": 0.0}, "bpf_net_tx_irq": {"mean": 5289.671232876713, "variance": 111309.9741039595, "weight": 0.0}}}}, "uncore": {"All_Weights": {"Bias_Weight": 0.0, "Categorical_Variables": {}, "Numerical_Variables": {"bpf_block_irq": {"mean": 417387.3287671233, "variance": 699103688.0015013, "weight": 0.0}, "bpf_net_rx_irq": {"mean": 1952789.7123287672, "variance": 3982500005.7939577, "weight": 0.0}, "bpf_net_tx_irq": {"mean": 5289.671232876713, "variance": 111309.9741039595, "weight": 0.0}}}}, "dram": {"All_Weights": {"Bias_Weight": -3390157657.01542, "Categorical_Variables": {}, "Numerical_Variables": {"bpf_block_irq": {"mean": 417387.3287671233, "variance": 699103688.0015013, "weight": -8613213.810777197}, "bpf_net_rx_irq": {"mean": 1952789.7123287672, "variance": 3982500005.7939577, "weight": -111176939.70886254}, "bpf_net_tx_irq": {"mean": 5289.671232876713, "variance": 111309.9741039595, "weight": 5945311.46633424}}}}}