{"package": {"All_Weights": {"Bias_Weight": 183.89918845651383, "Categorical_Variables": {}, "Numerical_Variables": {"cgroupfs_cpu_usage_us": {"mean": 4931324419030.809, "variance": 2.834747945161458e+25, "weight": 2.614535052810315}, "cgroupfs_memory_usage_bytes": {"mean": 12686865057.31507, "variance": 3.21006336829965e+19, "weight": -8.807820522421439}, "cgroupfs_system_cpu_usage_us": {"mean": 1169332316499.1096, "variance": 4.0267267776377936e+23, "weight": -8.27198616095263}, "cgroupfs_user_cpu_usage_us": {"mean": 3703100694782.7124, "variance": 2.0889946274784563e+25, "weight": 2.53689279827068}}}}, "core": {"All_Weights": {"Bias_Weight": 0.0, "Categorical_Variables": {}, "Numerical_Variables": {"cgroupfs_cpu_usage_us": {"mean": 4931324419030.809, "variance": 2.834747945161458e+25, "weight": 0.0}, "cgroupfs_memory_usage_bytes": {"mean": 12686865057.31507, "variance": 3.21006336829965e+19, "weight": 0.0}, "cgroupfs_system_cpu_usage_us": {"mean": 1169332316499.1096, "variance": 4.0267267776377936e+23, "weight": 0.0}, "cgroupfs_user_cpu_usage_us": {"mean": 3703100694782.7124, "variance": 2.0889946274784563e+25, "weight": 0.0}}}}, "uncore": {"All_Weights": {"Bias_Weight": 0.0, "Categorical_Variables": {}, "Numerical_Variables": {"cgroupfs_cpu_usage_us": {"mean": 4931324419030.809, "variance": 2.834747945161458e+25, "weight": 0.0}, "cgroupfs_memory_usage_bytes": {"mean": 12686865057.31507, "variance": 3.21006336829965e+19, "weight": 0.0}, "cgroupfs_system_cpu_usage_us": {"mean": 1169332316499.1096, "variance": 4.0267267776377936e+23, "weight": 0.0}, "cgroupfs_user_cpu_usage_us": {"mean": 3703100694782.7124, "variance": 2.0889946274784563e+25, "weight": 0.0}}}}, "dram": {"All_Weights": {"Bias_Weight": 3.633137548095989, "Categorical_Variables": {}, "Numerical_Variables": {"cgroupfs_cpu_usage_us": {"mean": 4931324419030.809, "variance": 2.834747945161458e+25, "weight": 0.06565960304622728}, "cgroupfs_memory_usage_bytes": {"mean": 12686865057.31507, "variance": 3.21006336829965e+19, "weight": -0.14398074800860444}, "cgroupfs_system_cpu_usage_us": {"mean": 1169332316499.1096, "variance": 4.0267267776377936e+23, "weight": -0.1246105405305488}, "cgroupfs_user_cpu_usage_us": {"mean": 3703100694782.7124, "variance": 2.0889946274784563e+25, "weight": 0.0650190371552989}}}}}