{"package": {"All_Weights": {"Bias_Weight": -17822022287.356297, "Categorical_Variables": {}, "Numerical_Variables": {"kubelet_cpu_usage": {"mean": 2733468.2465753425, "variance": 30794.761118408715, "weight": 23691695879.577076}, "kubelet_memory_bytes": {"mean": 8001699840.0, "variance": 1.0026199257290444e+16, "weight": -490614701.68972033}}}}, "core": {"All_Weights": {"Bias_Weight": 0.0, "Categorical_Variables": {}, "Numerical_Variables": {"kubelet_cpu_usage": {"mean": 2733468.2465753425, "variance": 30794.761118408715, "weight": 0.0}, "kubelet_memory_bytes": {"mean": 8001699840.0, "variance": 1.0026199257290444e+16, "weight": 0.0}}}}, "uncore": {"All_Weights": {"Bias_Weight": 0.0, "Categorical_Variables": {}, "Numerical_Variables": {"kubelet_cpu_usage": {"mean": 2733468.2465753425, "variance": 30794.761118408715, "weight": 0.0}, "kubelet_memory_bytes": {"mean": 8001699840.0, "variance": 1.0026199257290444e+16, "weight": 0.0}}}}, "dram": {"All_Weights": {"Bias_Weight": 4594408909.325654, "Categorical_Variables": {}, "Numerical_Variables": {"kubelet_cpu_usage": {"mean": 2733468.2465753425, "variance": 30794.761118408715, "weight": -29879146801.549603}, "kubelet_memory_bytes": {"mean": 8001699840.0, "variance": 1.0026199257290444e+16, "weight": 7794602413.718125}}}}}