{"package": {"All_Weights": {"Bias_Weight": 154.23642379427207, "Categorical_Variables": {}, "Numerical_Variables": {"cache_miss": {"mean": 38986101380.19178, "variance": 6.774987317328459e+18, "weight": -22.125410412344678}, "cpu_cycles": {"mean": 22560353291736.74, "variance": 1.9706656634842064e+24, "weight": 8.648920978298188}, "cpu_instructions": {"mean": 29134722307705.453, "variance": 3.2447554946600996e+24, "weight": 9.607916154700394}}}}, "core": {"All_Weights": {"Bias_Weight": 0.0, "Categorical_Variables": {}, "Numerical_Variables": {"cache_miss": {"mean": 38986101380.19178, "variance": 6.774987317328459e+18, "weight": 0.0}, "cpu_cycles": {"mean": 22560353291736.74, "variance": 1.9706656634842064e+24, "weight": 0.0}, "cpu_instructions": {"mean": 29134722307705.453, "variance": 3.2447554946600996e+24, "weight": 0.0}}}}, "uncore": {"All_Weights": {"Bias_Weight": 0.0, "Categorical_Variables": {}, "Numerical_Variables": {"cache_miss": {"mean": 38986101380.19178, "variance": 6.774987317328459e+18, "weight": 0.0}, "cpu_cycles": {"mean": 22560353291736.74, "variance": 1.9706656634842064e+24, "weight": 0.0}, "cpu_instructions": {"mean": 29134722307705.453, "variance": 3.2447554946600996e+24, "weight": 0.0}}}}, "dram": {"All_Weights": {"Bias_Weight": 2.1968125272209127, "Categorical_Variables": {}, "Numerical_Variables": {"cache_miss": {"mean": 38986101380.19178, "variance": 6.774987317328459e+18, "weight": -0.555500797736775}, "cpu_cycles": {"mean": 22560353291736.74, "variance": 1.9706656634842064e+24, "weight": -0.03424551880354126}, "cpu_instructions": {"mean": 29134722307705.453, "variance": 3.2447554946600996e+24, "weight": -0.008034615531948713}}}}}