{"platform": {"All_Weights": {"Bias_Weight": 522.2799868756791, "Categorical_Variables": {}, "Numerical_Variables": {"bpf_block_irq": {"mean": 12.077205882352942, "variance": 1511.4327647419266, "weight": 20.48183074013202}, "bpf_net_rx_irq": {"mean": 2137856.7953431373, "variance": 10407307878382.572, "weight": 83.30089370690486}, "bpf_net_tx_irq": {"mean": 258.9010416666667, "variance": 821749.0885528366, "weight": -125.29949773713108}, "cache_miss": {"mean": 0.0, "variance": 0.0, "weight": 0.0}, "cpu_cycles": {"mean": 5023342489782.739, "variance": 3.780526390970714e+26, "weight": -45.915286238190824}, "cpu_instructions": {"mean": 0.0, "variance": 0.0, "weight": 0.0}}}}}