{"package": {"All_Weights": {"Bias_Weight": 7.190174966750532, "Categorical_Variables": {}, "Numerical_Variables": {"cgroupfs_cpu_usage_us": {"mean": 4931324419030.809, "variance": 2.834747945161458e+25, "weight": -3.2156077833387444}, "cgroupfs_memory_usage_bytes": {"mean": 12686865057.31507, "variance": 3.21006336829965e+19, "weight": -4.814150294921123}, "cgroupfs_system_cpu_usage_us": {"mean": 1169332316499.1096, "variance": 4.0267267776377936e+23, "weight": -9.546974289376578}, "cgroupfs_user_cpu_usage_us": {"mean": 3703100694782.7124, "variance": 2.0889946274784563e+25, "weight": -2.1847276999797667}}}}, "core": {"All_Weights": {"Bias_Weight": 0.0, "Categorical_Variables": {}, "Numerical_Variables": {"cgroupfs_cpu_usage_us": {"mean": 4931324419030.809, "variance": 2.834747945161458e+25, "weight": 0.0}, "cgroupfs_memory_usage_bytes": {"mean": 12686865057.31507, "variance": 3.21006336829965e+19, "weight": 0.0}, "cgroupfs_system_cpu_usage_us": {"mean": 1169332316499.1096, "variance": 4.0267267776377936e+23, "weight": 0.0}, "cgroupfs_user_cpu_usage_us": {"mean": 3703100694782.7124, "variance": 2.0889946274784563e+25, "weight": 0.0}}}}, "uncore": {"All_Weights": {"Bias_Weight": 0.0, "Categorical_Variables": {}, "Numerical_Variables": {"cgroupfs_cpu_usage_us": {"mean": 4931324419030.809, "variance": 2.834747945161458e+25, "weight": 0.0}, "cgroupfs_memory_usage_bytes": {"mean": 12686865057.31507, "variance": 3.21006336829965e+19, "weight": 0.0}, "cgroupfs_system_cpu_usage_us": {"mean": 1169332316499.1096, "variance": 4.0267267776377936e+23, "weight": 0.0}, "cgroupfs_user_cpu_usage_us": {"mean": 3703100694782.7124, "variance": 2.0889946274784563e+25, "weight": 0.0}}}}, "dram": {"All_Weights": {"Bias_Weight": 0.07020950065678946, "Categorical_Variables": {}, "Numerical_Variables": {"cgroupfs_cpu_usage_us": {"mean": 4931324419030.809, "variance": 2.834747945161458e+25, "weight": -0.03149654910874604}, "cgroupfs_memory_usage_bytes": {"mean": 12686865057.31507, "variance": 3.21006336829965e+19, "weight": -0.07183319984148492}, "cgroupfs_system_cpu_usage_us": {"mean": 1169332316499.1096, "variance": 4.0267267776377936e+23, "weight": -0.08730595515940541}, "cgroupfs_user_cpu_usage_us": {"mean": 3703100694782.7124, "variance": 2.0889946274784563e+25, "weight": -0.022993841611450582}}}}}